{
  "DE": {
    "PR_AUC": 0.07142857142857142,
    "F1_at_P_0.80": 0.0
  },
  "FR": {
    "PR_AUC": 0.14027777777777778,
    "F1_at_P_0.80": 0.0
  },
  "ES": {
    "PR_AUC": 0.16666666666666666,
    "F1_at_P_0.80": 0.0
  }
}