{
  "DE": {
    "dev": {
      "MASE": 0.1270298122617894,
      "sMAPE": 1.398788051025551,
      "MSE": 682587.9264361012,
      "RMSE": 826.1887958790661,
      "MAPE": 1.404339045039242,
      "Coverage80": 0.916247906197655
    },
    "test": {
      "MASE": 0.1221073893176373,
      "sMAPE": 1.1430314244760982,
      "MSE": 359587.11395081755,
      "RMSE": 599.6558295812837,
      "MAPE": 1.1486196793894046,
      "Coverage80": 0.9452054794520548
    }
  },
  "FR": {
    "dev": {
      "MASE": 0.04402201311613086,
      "sMAPE": 0.46706171861142126,
      "MSE": 141541.48264402334,
      "RMSE": 376.2199923502516,
      "MAPE": 0.46708753323201874,
      "Coverage80": 0.981574539363484
    },
    "test": {
      "MASE": 0.06960091550598778,
      "sMAPE": 0.39604067732308507,
      "MSE": 38242.497230336405,
      "RMSE": 195.55689000988025,
      "MAPE": 0.3966372329495633,
      "Coverage80": 1.0
    }
  },
  "ES": {
    "dev": {
      "MASE": 0.09575719700949514,
      "sMAPE": 0.8172798730734421,
      "MSE": 65520.62151797534,
      "RMSE": 255.96996214004358,
      "MAPE": 0.8200487950037041,
      "Coverage80": 0.9597989949748744
    },
    "test": {
      "MASE": 0.07377113822193732,
      "sMAPE": 0.653553024279774,
      "MSE": 38922.82737377522,
      "RMSE": 197.28869043555238,
      "MAPE": 0.6552412735039436,
      "Coverage80": 1.0
    }
  }
}