{
  "DE": {
    "dev": {
      "MASE": 0.2828462064617515,
      "sMAPE": 2.4043104206185264,
      "MSE": 2107043.470109003,
      "RMSE": 1451.5658683328852,
      "MAPE": 2.3978515654865453,
      "Coverage80": 0.9851598173515982
    },
    "test": {
      "MASE": 0.2516159061433851,
      "sMAPE": 2.035310754023293,
      "MSE": 1521151.0662820307,
      "RMSE": 1233.3495312692305,
      "MAPE": 2.032631504098226,
      "Coverage80": 0.9937214611872146
    }
  },
  "FR": {
    "dev": {
      "MASE": 0.5670690904246017,
      "sMAPE": 3.3359874418138347,
      "MSE": 11399547.457334526,
      "RMSE": 3376.3215867767285,
      "MAPE": 3.3378461704537106,
      "Coverage80": 0.990296803652968
    },
    "test": {
      "MASE": 0.5294371170209076,
      "sMAPE": 2.7552509467203103,
      "MSE": 2335588.2922138693,
      "RMSE": 1528.2631619632364,
      "MAPE": 2.740457774352478,
      "Coverage80": 0.9988577955454027
    }
  },
  "ES": {
    "dev": {
      "MASE": 0.46741707378610786,
      "sMAPE": 2.741559858557239,
      "MSE": 722929.1863309825,
      "RMSE": 850.2524250662167,
      "MAPE": 2.7314538166304954,
      "Coverage80": 0.9954337899543378
    },
    "test": {
      "MASE": 0.4551973621217967,
      "sMAPE": 2.755400730570214,
      "MSE": 901026.6005467427,
      "RMSE": 949.224209840195,
      "MAPE": 2.739175997534446,
      "Coverage80": 0.9874357509994289
    }
  }
}